"URL","Status","Indexable","Title","MetaDescription","H1","Canonical","Robots","Schema","BrokenLinks","BrokenImages","Notes"
"/about","200 (static)","Yes","About Labbyak Glass & Aluminium | Labbyak Glass & Aluminium","Labbyak Glass & Aluminium is a Lahore-based glass and aluminium business in Tauheed Block, Bahria Town — supplying and fitting windows, door","About Labbyak Glass & Aluminium","https://www.labbyakglass.com/about","index, follow","GlassAndMirrorShop BreadcrumbList","0","0",""
"/aluminium-doors-lahore","200 (static)","Yes","Aluminium Doors in Lahore | Labbyak Glass & Aluminium","Aluminium doors in Lahore for homes, offices and shops — sliding, hinged and heavy-duty frames, measured and professionally fitted. Call or ","Aluminium Doors in Lahore","https://www.labbyakglass.com/aluminium-doors-lahore","index, follow","GlassAndMirrorShop Service BreadcrumbList FAQPage","0","0",""
"/aluminium-welding-lahore","200 (static)","Yes","Aluminium Fabrication & Welding in Lahore | Labbyak Glass & Aluminium","Aluminium fabrication and welding in Lahore — custom frames, grilles, gates and structures fabricated and fitted. Call or WhatsApp for a quo","Aluminium Fabrication & Welding in Lahore","https://www.labbyakglass.com/aluminium-welding-lahore","index, follow","GlassAndMirrorShop Service BreadcrumbList FAQPage","0","0",""
"/aluminium-windows-lahore","200 (static)","Yes","Aluminium Windows in Lahore | Labbyak Glass & Aluminium","Custom aluminium windows in Lahore — sliding, casement and fixed frames, measured and fitted for homes and commercial buildings. Call or Wha","Aluminium Windows in Lahore","https://www.labbyakglass.com/aluminium-windows-lahore","index, follow","GlassAndMirrorShop Service BreadcrumbList FAQPage","0","0",""
"/contact","200 (static)","Yes","Contact Us | Labbyak Glass & Aluminium","Contact Labbyak Glass & Aluminium in Lahore for a quotation. Call or WhatsApp 0302 0999713, or send us your requirement through the form. Ba","Contact Us","https://www.labbyakglass.com/contact","index, follow","GlassAndMirrorShop BreadcrumbList","0","0",""
"/double-glazed-windows-lahore","200 (static)","Yes","Double-Glazed Windows in Lahore | Labbyak Glass & Aluminium","Double-glazed windows in Lahore — insulated glass units in aluminium or UPVC frames for better heat and sound control. Call or WhatsApp for ","Double-Glazed Windows in Lahore","https://www.labbyakglass.com/double-glazed-windows-lahore","index, follow","GlassAndMirrorShop Service BreadcrumbList FAQPage","0","0",""
"/fiber-sheds-lahore","200 (static)","Yes","Fiberglass Sheds & Canopies in Lahore | Labbyak Glass & Aluminium","Fiberglass sheds and canopies in Lahore — car parking shades, rooftop shelters and industrial roofing fabricated and installed. Call or What","Fiberglass Sheds & Canopies in Lahore","https://www.labbyakglass.com/fiber-sheds-lahore","index, follow","GlassAndMirrorShop Service BreadcrumbList FAQPage","0","0",""
"/glass-railings-lahore","200 (static)","Yes","Glass Railings in Lahore | Labbyak Glass & Aluminium","Glass railings in Lahore — frameless and stainless-steel fitted glass balustrades for stairs, balconies and terraces. Call or WhatsApp for a","Glass Railings in Lahore","https://www.labbyakglass.com/glass-railings-lahore","index, follow","GlassAndMirrorShop Service BreadcrumbList FAQPage","0","0",""
"/glass-repair-lahore","200 (static)","Yes","Glass Repair in Lahore | Labbyak Glass & Aluminium","Glass repair in Lahore — replacement of broken windows, doors, shop fronts and partitions, plus door closer fixing and leak sealing. Call or","Glass Repair in Lahore","https://www.labbyakglass.com/glass-repair-lahore","index, follow","GlassAndMirrorShop Service BreadcrumbList FAQPage","0","0",""
"/glass-shop-front-lahore","200 (static)","Yes","Glass Shop Fronts in Lahore | Labbyak Glass & Aluminium","Glass shop fronts in Lahore — toughened glass storefronts, frameless doors and display glazing for retail and commercial units. Call or What","Glass Shop Fronts in Lahore","https://www.labbyakglass.com/glass-shop-front-lahore","index, follow","GlassAndMirrorShop Service BreadcrumbList FAQPage","0","0",""
"/","200 (static)","Yes","Glass & Aluminium Work in Lahore | Labbyak Glass","Labbyak Glass & Aluminium provides aluminium windows and doors, glass shop fronts, UPVC windows, partitions, railings and glass repair acros","Glass & Aluminium Work in Lahore","https://www.labbyakglass.com","index, follow","GlassAndMirrorShop Organization WebSite FAQPage","0","0",""
"/office-glass-partitions-lahore","200 (static)","Yes","Office Glass Partitions in Lahore | Labbyak Glass & Aluminium","Office glass partitions in Lahore — frameless and framed 12mm toughened glass partitions with optional frosted film for privacy. Call or Wha","Office Glass Partitions in Lahore","https://www.labbyakglass.com/office-glass-partitions-lahore","index, follow","GlassAndMirrorShop Service BreadcrumbList FAQPage","0","0",""
"/privacy-policy","200 (static)","No","Privacy Policy | Labbyak Glass & Aluminium","How Labbyak Glass & Aluminium handles the information you submit through our website contact form.","Privacy Policy","https://www.labbyakglass.com/privacy-policy","noindex, nofollow","","0","0",""
"/products","200 (static)","Yes","Products & Materials | Labbyak Glass & Aluminium","Glass and aluminium products we supply in Lahore — toughened glass, aluminium and UPVC profiles, fiberglass sheets, spider fittings, door cl","Products & Materials","https://www.labbyakglass.com/products","index, follow","GlassAndMirrorShop BreadcrumbList","0","0",""
"/projects","200 (static)","Yes","Our Projects in Lahore | Labbyak Glass & Aluminium","Completed glass and aluminium projects across Lahore — villas, offices, shop fronts, apartments and commercial buildings in Bahria Town, DHA","Our Projects","https://www.labbyakglass.com/projects","index, follow","GlassAndMirrorShop BreadcrumbList","0","0",""
"/projects/p1","200 (static)","Yes","Bahria Town Luxury Villa — Bahria Town, Sector C | Labbyak Glass & Aluminium","A modern 1-kanal villa requiring complete exterior glazing. We installed 12mm tempered spider glass for the main facade and soundproof UPVC ","Bahria Town Luxury Villa","https://www.labbyakglass.com/projects/p1","index, follow","GlassAndMirrorShop BreadcrumbList","0","0",""
"/projects/p10","200 (static)","Yes","Motorway Toll Plaza — Lahore-Islamabad Motorway | Labbyak Glass & Aluminium","Heavy steel fabrication and toughened glass canopy installation for toll booths.","Motorway Toll Plaza","https://www.labbyakglass.com/projects/p10","index, follow","GlassAndMirrorShop BreadcrumbList","0","0",""
"/projects/p11","200 (static)","Yes","Valencia Town Residence — Valencia Town, Lahore | Labbyak Glass & Aluminium","Replaced old aluminium windows with modern, energy-efficient UPVC sliding windows.","Valencia Town Residence","https://www.labbyakglass.com/projects/p11","index, follow","GlassAndMirrorShop BreadcrumbList","0","0",""
"/projects/p12","200 (static)","Yes","Zaitoon Colony Commercial — Zaitoon Colony | Labbyak Glass & Aluminium","Modernization of a commercial plaza face with silver ACP cladding and blue reflective glass.","Zaitoon Colony Commercial","https://www.labbyakglass.com/projects/p12","index, follow","GlassAndMirrorShop BreadcrumbList","0","0",""
"/projects/p13","200 (static)","Yes","Fazaia Housing Gym — Fazaia Housing, Lahore | Labbyak Glass & Aluminium","Installed wall-to-wall gym mirrors and glass shower enclosures in the changing rooms.","Fazaia Housing Gym","https://www.labbyakglass.com/projects/p13","index, follow","GlassAndMirrorShop BreadcrumbList","0","0",""
"/projects/p14","200 (static)","Yes","Lake City Villa — Lake City, Lahore | Labbyak Glass & Aluminium","Designed a cantilever fiberglass shed for 3 cars matching the house aesthetics.","Lake City Villa","https://www.labbyakglass.com/projects/p14","index, follow","GlassAndMirrorShop BreadcrumbList","0","0",""
"/projects/p16","200 (static)","Yes","Medical Center Entrance — Johar Town | Labbyak Glass & Aluminium","Installed hygiene-friendly touchless automatic sliding doors for the main patient entrance.","Medical Center Entrance","https://www.labbyakglass.com/projects/p16","index, follow","GlassAndMirrorShop BreadcrumbList","0","0",""
"/projects/p18","200 (static)","Yes","Bahria Mosque — Bahria Orchard | Labbyak Glass & Aluminium","Fabrication of a decorative fiberglass dome and aluminium safety grills for windows.","Bahria Mosque","https://www.labbyakglass.com/projects/p18","index, follow","GlassAndMirrorShop BreadcrumbList","0","0",""
"/projects/p19","200 (static)","Yes","Packages Mall Kiosks — Walton Road | Labbyak Glass & Aluminium","UV bonded glass display counters for jewelry kiosks.","Packages Mall Kiosks","https://www.labbyakglass.com/projects/p19","index, follow","GlassAndMirrorShop BreadcrumbList","0","0",""
"/projects/p2","200 (static)","Yes","Corporate Office Interiors — DHA Phase 6, Lahore | Labbyak Glass & Aluminium","Designed and installed frameless glass partitions for a software house. Included automated sensor doors for the main entrance and frosted fi","Corporate Office Interiors","https://www.labbyakglass.com/projects/p2","index, follow","GlassAndMirrorShop BreadcrumbList","0","0",""
"/projects/p3","200 (static)","Yes","Eiffel Tower Bahria Town Lahore — Bahria Town | Labbyak Glass & Aluminium","We successfully completed high-rise glass installation and repair work on the Eiffel Tower structure in Bahria Town Lahore, ensuring durabil","Eiffel Tower Bahria Town Lahore","https://www.labbyakglass.com/projects/p3","index, follow","GlassAndMirrorShop BreadcrumbList","0","0",""
"/projects/p4","200 (static)","Yes","Askari 11 Apartments — Askari 11, Lahore | Labbyak Glass & Aluminium","Large scale project involving the supply and installation of energy-efficient UPVC sliding windows for a new apartment block.","Askari 11 Apartments","https://www.labbyakglass.com/projects/p4","index, follow","GlassAndMirrorShop BreadcrumbList","0","0",""
"/projects/p5","200 (static)","Yes","MM Alam Road Boutique — Gulberg, Lahore | Labbyak Glass & Aluminium","High-end retail fit-out featuring 12mm clear tempered glass shop front and custom-cut decorative mirrors for the interior.","MM Alam Road Boutique","https://www.labbyakglass.com/projects/p5","index, follow","GlassAndMirrorShop BreadcrumbList","0","0",""
"/projects/p6","200 (static)","Yes","Industrial Fiber Shed — Sundar Industrial Estate | Labbyak Glass & Aluminium","Fabrication and installation of a 5000 sq.ft fiberglass shed structure for raw material storage protection against rain and sun.","Industrial Fiber Shed","https://www.labbyakglass.com/projects/p6","index, follow","GlassAndMirrorShop BreadcrumbList","0","0",""
"/projects/p7","200 (static)","Yes","University Campus Glazing — Bhira University, Lahore | Labbyak Glass & Aluminium","Connecting two academic blocks with a modern steel and glass covered walkway.","University Campus Glazing","https://www.labbyakglass.com/projects/p7","index, follow","GlassAndMirrorShop BreadcrumbList","0","0",""
"/projects/p8","200 (static)","Yes","Winterland Park — Bahria Town, Lahore | Labbyak Glass & Aluminium","Installation of specialized multi-layered insulated glass units to maintain sub-zero temperatures inside the park.","Winterland Park","https://www.labbyakglass.com/projects/p8","index, follow","GlassAndMirrorShop BreadcrumbList","0","0",""
"/projects/p9","200 (static)","Yes","Ary Studios Soundproofing — Bahria Town, Lahore | Labbyak Glass & Aluminium","High-performance acoustic glazing to ensure complete sound isolation for recording studios.","Ary Studios Soundproofing","https://www.labbyakglass.com/projects/p9","index, follow","GlassAndMirrorShop BreadcrumbList","0","0",""
"/services","200 (static)","Yes","Glass & Aluminium Services in Lahore | Labbyak Glass & Aluminium","Full range of glass and aluminium services in Lahore — aluminium and UPVC windows, glass shop fronts, partitions, railings, shower cabins, f","Our Services","https://www.labbyakglass.com/services","index, follow","GlassAndMirrorShop BreadcrumbList","0","0",""
"/shower-glass-cabins-lahore","200 (static)","Yes","Shower Glass Cabins in Lahore | Labbyak Glass & Aluminium","Shower glass cabins in Lahore — custom frameless tempered glass shower enclosures measured and fitted for your bathroom. Call or WhatsApp fo","Shower Glass Cabins in Lahore","https://www.labbyakglass.com/shower-glass-cabins-lahore","index, follow","GlassAndMirrorShop Service BreadcrumbList FAQPage","0","0",""
"/stainless-steel-glass-work-lahore","200 (static)","Yes","Stainless-Steel & Glass Work in Lahore | Labbyak Glass & Aluminium","Stainless-steel and glass work in Lahore — spider fittings, railings, canopies and structural glazing combining SS fittings with toughened g","Stainless-Steel & Glass Work in Lahore","https://www.labbyakglass.com/stainless-steel-glass-work-lahore","index, follow","GlassAndMirrorShop Service BreadcrumbList FAQPage","0","0",""
"/team","200 (static)","Yes","Our Team | Labbyak Glass & Aluminium","Meet the team behind Labbyak Glass & Aluminium — experienced fabricators, installers and supervisors serving homes and businesses across Lah","Our Team","https://www.labbyakglass.com/team","index, follow","GlassAndMirrorShop BreadcrumbList","0","0",""
"/upvc-windows-lahore","200 (static)","Yes","UPVC Windows in Lahore | Labbyak Glass & Aluminium","UPVC windows in Lahore — energy-efficient sliding and casement frames with better heat and sound insulation for homes. Call or WhatsApp for ","UPVC Windows in Lahore","https://www.labbyakglass.com/upvc-windows-lahore","index, follow","GlassAndMirrorShop Service BreadcrumbList FAQPage","0","0",""
